home_team,away_team,upvotes,downvotes,date
TOR,NOP,262,33,2019-10-22
LAC,LAL,204,47,2019-10-22
CHO,CHI,52,8,2019-10-23
ORL,CLE,7,11,2019-10-23
IND,DET,12,0,2019-10-23
PHI,BOS,13,16,2019-10-23
MIA,MEM,5,3,2019-10-23
BKN,MIN,65,2,2019-10-23
SAS,NYK,7,5,2019-10-23
DAL,WAS,11,4,2019-10-23
UTA,OKC,8,4,2019-10-23
POR,DEN,20,2,2019-10-23
PHO,SAC,8,9,2019-10-23
DET,ATL,12,5,2019-10-24
HOU,MIL,43,7,2019-10-24
GSW,LAC,12,16,2019-10-24
CHO,MIN,6,6,2019-10-25
BOS,TOR,37,5,2019-10-25
BKN,NYK,18,3,2019-10-25
MEM,CHI,9,1,2019-10-25
NOP,DAL,24,5,2019-10-25
OKC,WAS,3,3,2019-10-25
DEN,PHO,18,2,2019-10-25
SAC,POR,3,2,2019-10-25
LAL,UTA,5,13,2019-10-25
MIL,MIA,46,6,2019-10-26
DET,PHI,14,0,2019-10-26
NYK,BOS,3,6,2019-10-26
ATL,ORL,13,1,2019-10-26
CLE,IND,3,1,2019-10-26
HOU,NOP,14,1,2019-10-26
CHI,TOR,0,7,2019-10-26
SAS,WAS,24,0,2019-10-26
UTA,SAC,2,5,2019-10-26
PHO,LAC,22,1,2019-10-26
OKC,GSW,14,19,2019-10-27
MEM,BKN,59,0,2019-10-27
MIN,MIA,12,2,2019-10-27
DAL,POR,39,6,2019-10-27
LAL,CHO,6,6,2019-10-27
NYK,CHI,30,9,2019-10-28
DET,IND,8,1,2019-10-28
TOR,ORL,4,3,2019-10-28
ATL,PHI,25,2,2019-10-28
MIL,CLE,3,8,2019-10-28
NOP,GSW,9,5,2019-10-28
HOU,OKC,21,6,2019-10-28
SAS,POR,34,2,2019-10-28
SAC,DEN,2,2,2019-10-28
PHO,UTA,9,3,2019-10-28
LAC,CHO,3,3,2019-10-28
MIA,ATL,7,7,2019-10-29
DEN,DAL,30,4,2019-10-29
LAL,MEM,12,11,2019-10-29
CLE,CHI,11,2,2019-10-30
PHI,MIN,6,9,2019-10-30
ORL,NYK,3,7,2019-10-30
TOR,DET,3,4,2019-10-30
BKN,IND,3,7,2019-10-30
BOS,MIL,25,5,2019-10-30
WAS,HOU,45,6,2019-10-30
OKC,POR,10,2,2019-10-30
SAC,CHO,1,5,2019-10-30
UTA,LAC,1,4,2019-10-30
GSW,PHO,5,3,2019-10-30
ATL,MIA,11,2,2019-10-31
NOP,DEN,4,2,2019-10-31
LAC,SAS,15,6,2019-10-31
IND,CLE,2,2,2019-11-01
BKN,HOU,32,2,2019-11-01
ORL,MIL,5,4,2019-11-01
BOS,NYK,24,5,2019-11-01
CHI,DET,7,1,2019-11-01
DAL,LAL,126,3,2019-11-01
SAC,UTA,18,0,2019-11-01
GSW,SAS,4,2,2019-11-01
OKC,NOP,7,4,2019-11-02
DET,BKN,6,4,2019-11-02
ORL,DEN,5,3,2019-11-02
WAS,MIN,0,8,2019-11-02
MEM,PHO,4,1,2019-11-02
MIL,TOR,12,2,2019-11-02
GSW,CHO,3,9,2019-11-02
POR,PHI,70,2,2019-11-02
IND,CHI,6,5,2019-11-03
MIA,HOU,10,7,2019-11-03
NYK,SAC,2,5,2019-11-03
SAS,LAL,16,3,2019-11-03
CLE,DAL,12,1,2019-11-03
LAC,UTA,7,4,2019-11-03
WAS,DET,2,5,2019-11-04
BKN,NOP,10,1,2019-11-04
MEM,HOU,2,2,2019-11-04
MIN,MIL,4,7,2019-11-04
PHO,PHI,34,1,2019-11-04
GSW,POR,19,3,2019-11-04
CLE,BOS,10,5,2019-11-05
CHO,IND,11,6,2019-11-05
ATL,SAS,17,0,2019-11-05
CHI,LAL,25,10,2019-11-05
OKC,ORL,4,1,2019-11-05
DEN,MIA,2,1,2019-11-05
DET,NYK,8,0,2019-11-06
IND,WAS,2,4,2019-11-06
ATL,CHI,2,6,2019-11-06
HOU,GSW,5,5,2019-11-06
TOR,SAC,2,1,2019-11-06
MEM,MIN,3,2,2019-11-06
DAL,ORL,22,2,2019-11-06
UTA,PHI,12,3,2019-11-06
LAC,MIL,15,2,2019-11-06
CHO,BOS,7,3,2019-11-07
SAS,OKC,6,3,2019-11-07
PHO,MIA,10,6,2019-11-07
LAC,POR,16,7,2019-11-07
WAS,CLE,3,1,2019-11-08
IND,DET,3,1,2019-11-08
ORL,MEM,4,2,2019-11-08
ATL,SAC,6,2,2019-11-08
MIN,GSW,31,5,2019-11-08
NOP,TOR,1,2,2019-11-08
DAL,NYK,13,2,2019-11-08
UTA,MIL,38,1,2019-11-08
DEN,PHI,45,5,2019-11-08
POR,BKN,23,5,2019-11-08
LAL,MIA,14,7,2019-11-08
SAS,BOS,10,6,2019-11-09
CHO,NOP,6,4,2019-11-09
MEM,DAL,3,4,2019-11-09
OKC,GSW,9,2,2019-11-09
CHI,HOU,4,8,2019-11-09
MIN,DEN,29,9,2019-11-10
PHI,CHO,1,4,2019-11-10
ORL,IND,6,1,2019-11-10
OKC,MIL,23,1,2019-11-10
NYK,CLE,3,9,2019-11-10
PHO,BKN,3,3,2019-11-10
POR,ATL,12,4,2019-11-10
LAL,TOR,26,5,2019-11-10
DET,MIN,5,2,2019-11-11
BOS,DAL,23,5,2019-11-11
SAS,MEM,7,2,2019-11-11
NOP,HOU,3,5,2019-11-11
LAC,TOR,7,4,2019-11-11
GSW,UTA,1,1,2019-11-11
PHI,CLE,22,2,2019-11-12
IND,OKC,2,5,2019-11-12
MIA,DET,6,2,2019-11-12
CHI,NYK,4,4,2019-11-12
DEN,ATL,13,6,2019-11-12
UTA,BKN,13,3,2019-11-12
PHO,LAL,37,6,2019-11-12
SAC,POR,4,0,2019-11-12
CHO,MEM,16,3,2019-11-13
ORL,PHI,5,3,2019-11-13
HOU,LAC,21,7,2019-11-13
BOS,WAS,10,4,2019-11-13
MIN,SAS,3,9,2019-11-13
LAL,GSW,8,7,2019-11-13
POR,TOR,3,7,2019-11-13
CLE,MIA,4,4,2019-11-14
MIL,CHI,7,3,2019-11-14
NYK,DAL,24,2,2019-11-14
NOP,LAC,22,3,2019-11-14
PHO,ATL,5,1,2019-11-14
DEN,BKN,5,2,2019-11-14
CHO,DET,32,7,2019-11-15
ORL,SAS,11,7,2019-11-15
HOU,IND,7,3,2019-11-15
OKC,PHI,11,3,2019-11-15
MEM,UTA,29,3,2019-11-15
MIN,WAS,2,4,2019-11-15
GSW,BOS,17,8,2019-11-15
LAL,SAC,20,8,2019-11-15
CHI,BKN,9,4,2019-11-16
IND,MIL,6,5,2019-11-16
NYK,CHO,17,0,2019-11-16
MIN,HOU,5,3,2019-11-16
MIA,NOP,3,6,2019-11-16
SAS,POR,19,2,2019-11-16
DAL,TOR,13,2,2019-11-16
LAC,ATL,4,3,2019-11-16
CLE,PHI,2,28,2019-11-17
SAC,BOS,56,2,2019-11-17
MEM,DEN,3,2,2019-11-17
ORL,WAS,7,0,2019-11-17
NOP,GSW,2,5,2019-11-17
LAL,ATL,7,6,2019-11-17
NYK,CLE,7,4,2019-11-18
TOR,CHO,4,1,2019-11-18
BKN,IND,1,7,2019-11-18
CHI,MIL,6,1,2019-11-18
HOU,POR,7,5,2019-11-18
DAL,SAS,37,2,2019-11-18
PHO,BOS,7,2,2019-11-18
UTA,MIN,6,2,2019-11-18
LAC,OKC,26,6,2019-11-18
MEM,GSW,6,6,2019-11-19
NOP,POR,4,4,2019-11-19
SAC,PHO,7,2,2019-11-19
LAL,OKC,18,4,2019-11-19
PHI,NYK,18,4,2019-11-20
WAS,SAS,8,0,2019-11-20
BKN,CHO,2,5,2019-11-20
MIA,CLE,5,3,2019-11-20
DAL,GSW,11,9,2019-11-20
ATL,MIL,2,3,2019-11-20
TOR,ORL,7,1,2019-11-20
CHI,DET,4,4,2019-11-20
MIN,UTA,8,2,2019-11-20
DEN,HOU,11,2,2019-11-20
LAC,BOS,77,7,2019-11-20
MIL,POR,9,3,2019-11-21
PHO,NOP,4,3,2019-11-21
DET,ATL,2,4,2019-11-22
WAS,CHO,3,3,2019-11-22
BKN,SAC,2,5,2019-11-22
OKC,LAL,34,6,2019-11-22
CHI,MIA,3,5,2019-11-22
PHI,SAS,4,1,2019-11-22
DAL,CLE,4,2,2019-11-22
DEN,BOS,6,2,2019-11-22
UTA,GSW,11,0,2019-11-22
LAC,HOU,60,2,2019-11-22
MIN,PHO,12,3,2019-11-23
CHO,CHI,89,2,2019-11-23
IND,ORL,6,2,2019-11-23
PHI,MIA,4,13,2019-11-23
NYK,SAS,3,3,2019-11-23
ATL,TOR,6,0,2019-11-23
MEM,LAL,15,8,2019-11-23
CLE,POR,4,2,2019-11-23
MIL,DET,2,3,2019-11-23
UTA,NOP,3,0,2019-11-23
HOU,DAL,55,10,2019-11-24
NYK,BKN,15,4,2019-11-24
WAS,SAC,3,0,2019-11-24
DEN,PHO,4,0,2019-11-24
LAC,NOP,4,2,2019-11-24
CLE,BKN,6,1,2019-11-25
IND,MEM,3,3,2019-11-25
DET,ORL,2,5,2019-11-25
MIA,CHO,3,3,2019-11-25
ATL,MIN,3,2,2019-11-25
TOR,PHI,24,2,2019-11-25
BOS,SAC,23,0,2019-11-25
CHI,POR,2,3,2019-11-25
MIL,UTA,15,5,2019-11-25
SAS,LAL,11,4,2019-11-25
GSW,OKC,18,3,2019-11-25
DAL,LAC,9,12,2019-11-26
DEN,WAS,2,4,2019-11-26
BOS,BKN,6,4,2019-11-27
CHO,DET,7,1,2019-11-27
CLE,ORL,1,2,2019-11-27
PHI,SAC,1,1,2019-11-27
IND,UTA,3,2,2019-11-27
TOR,NYK,3,11,2019-11-27
MIL,ATL,0,2,2019-11-27
MEM,LAC,12,4,2019-11-27
HOU,MIA,1,5,2019-11-27
SAS,MIN,2,1,2019-11-27
PHO,WAS,2,2,2019-11-27
NOP,LAL,31,6,2019-11-27
POR,OKC,2,4,2019-11-27
GSW,CHI,2,1,2019-11-27
BKN,BOS,8,10,2019-11-29
DET,CHO,1,5,2019-11-29
ORL,TOR,4,2,2019-11-29
CLE,MIL,5,2,2019-11-29
NYK,PHI,6,2,2019-11-29
IND,ATL,12,5,2019-11-29
MIA,GSW,3,6,2019-11-29
OKC,NOP,6,1,2019-11-29
MEM,UTA,2,0,2019-11-29
SAS,LAC,12,4,2019-11-29
PHO,DAL,11,2,2019-11-29
POR,CHI,11,0,2019-11-29
LAL,WAS,4,7,2019-11-29
SAC,DEN,23,4,2019-11-30
PHI,IND,20,1,2019-11-30
HOU,ATL,10,4,2019-11-30
MIL,CHO,4,3,2019-11-30
BKN,MIA,24,4,2019-12-01
NYK,BOS,6,2,2019-12-01
MIN,MEM,2,4,2019-12-01
LAL,DAL,57,15,2019-12-01
NOP,OKC,12,4,2019-12-01
DET,SAS,2,5,2019-12-01
ORL,GSW,6,1,2019-12-01
TOR,UTA,1,5,2019-12-01
LAC,WAS,2,2,2019-12-01
CHO,PHO,12,3,2019-12-02
PHI,UTA,4,7,2019-12-02
ATL,GSW,2,4,2019-12-02
MEM,IND,1,2,2019-12-02
MIL,NYK,4,1,2019-12-02
SAC,CHI,5,3,2019-12-02
CLE,DET,4,2,2019-12-03
WAS,ORL,6,2,2019-12-03
NOP,DAL,8,2,2019-12-03
TOR,MIA,26,4,2019-12-03
SAS,HOU,61,10,2019-12-03
DEN,LAL,13,7,2019-12-03
LAC,POR,0,4,2019-12-03
CHO,GSW,3,2,2019-12-04
DET,MIL,3,2,2019-12-04
ORL,PHO,3,2,2019-12-04
ATL,BKN,0,3,2019-12-04
BOS,MIA,5,5,2019-12-04
OKC,IND,0,2,2019-12-04
CHI,MEM,5,2,2019-12-04
DAL,MIN,8,1,2019-12-04
UTA,LAL,8,6,2019-12-04
POR,SAC,5,2,2019-12-04
WAS,PHI,12,4,2019-12-05
NYK,DEN,2,8,2019-12-05
TOR,HOU,13,2,2019-12-05
NOP,PHO,15,4,2019-12-05
CHO,BKN,2,5,2019-12-06
DET,IND,6,2,2019-12-06
CLE,ORL,3,3,2019-12-06
BOS,DEN,4,3,2019-12-06
CHI,GSW,4,3,2019-12-06
OKC,MIN,25,3,2019-12-06
MIA,WAS,2,2,2019-12-06
MIL,LAC,12,9,2019-12-06
SAS,SAC,24,2,2019-12-06
POR,LAL,7,8,2019-12-06
DAL,NOP,5,12,2019-12-07
PHI,CLE,2,9,2019-12-07
NYK,IND,2,2,2019-12-07
HOU,PHO,9,1,2019-12-07
UTA,MEM,2,1,2019-12-07
BKN,DEN,22,2,2019-12-08
CHO,ATL,2,4,2019-12-08
MIA,CHI,16,3,2019-12-08
WAS,LAC,1,3,2019-12-08
PHI,TOR,3,3,2019-12-08
DAL,SAC,19,0,2019-12-08
POR,OKC,4,1,2019-12-08
LAL,MIN,7,7,2019-12-08
IND,LAC,2,2,2019-12-09
BOS,CLE,3,7,2019-12-09
NOP,DET,12,3,2019-12-09
MIL,ORL,4,3,2019-12-09
HOU,SAC,64,6,2019-12-09
CHI,TOR,11,1,2019-12-09
PHO,MIN,4,0,2019-12-09
UTA,OKC,4,2,2019-12-09
GSW,MEM,3,2,2019-12-09
CHO,WAS,8,4,2019-12-10
MIA,ATL,41,5,2019-12-10
PHI,DEN,11,4,2019-12-10
POR,NYK,3,7,2019-12-10
IND,BOS,13,1,2019-12-11
CLE,HOU,6,3,2019-12-11
TOR,LAC,3,5,2019-12-11
ORL,LAL,5,3,2019-12-11
BKN,CHO,9,4,2019-12-11
CHI,ATL,3,3,2019-12-11
MIN,UTA,1,3,2019-12-11
PHO,MEM,1,1,2019-12-11
MIL,NOP,2,4,2019-12-11
SAC,OKC,11,1,2019-12-11
GSW,NYK,9,2,2019-12-11
BOS,PHI,33,7,2019-12-12
SAS,CLE,6,3,2019-12-12
DET,DAL,10,4,2019-12-12
DEN,POR,5,1,2019-12-12
ORL,HOU,3,4,2019-12-13
MIA,LAL,61,4,2019-12-13
PHI,NOP,3,1,2019-12-13
ATL,IND,4,3,2019-12-13
CHI,CHO,3,7,2019-12-13
MEM,MIL,5,1,2019-12-13
UTA,GSW,5,5,2019-12-13
MIN,LAC,8,4,2019-12-13
SAC,NYK,4,4,2019-12-13
PHO,SAS,40,3,2019-12-14
TOR,BKN,7,3,2019-12-14
CHI,LAC,17,3,2019-12-14
MEM,WAS,5,2,2019-12-14
MIL,CLE,4,4,2019-12-14
DAL,MIA,27,3,2019-12-14
HOU,DET,9,0,2019-12-14
DEN,OKC,0,1,2019-12-14
NOP,ORL,1,5,2019-12-15
IND,CHO,2,3,2019-12-15
ATL,LAL,12,6,2019-12-15
BKN,PHI,7,4,2019-12-15
DEN,NYK,7,0,2019-12-15
GSW,SAC,1,7,2019-12-15
DET,WAS,5,1,2019-12-16
TOR,CLE,4,4,2019-12-16
OKC,CHI,17,8,2019-12-16
MIL,DAL,36,6,2019-12-16
MEM,MIA,4,3,2019-12-16
HOU,SAS,21,3,2019-12-16
PHO,POR,16,2,2019-12-16
IND,LAL,39,7,2019-12-17
CHO,SAC,2,4,2019-12-17
NYK,ATL,4,4,2019-12-17
NOP,BKN,9,2,2019-12-17
UTA,ORL,6,1,2019-12-17
LAC,PHO,4,6,2019-12-17
CLE,CHO,10,1,2019-12-18
WAS,CHI,17,0,2019-12-18
PHI,MIA,31,1,2019-12-18
DET,TOR,6,1,2019-12-18
OKC,MEM,7,4,2019-12-18
MIN,NOP,3,1,2019-12-18
DEN,ORL,2,2,2019-12-18
DAL,BOS,10,1,2019-12-18
POR,GSW,0,3,2019-12-18
ATL,UTA,3,3,2019-12-19
MIL,LAL,44,14,2019-12-19
SAS,BKN,14,3,2019-12-19
LAC,HOU,36,4,2019-12-19
CLE,MEM,7,2,2019-12-20
IND,SAC,1,4,2019-12-20
BOS,DET,1,0,2019-12-20
TOR,WAS,5,1,2019-12-20
PHI,DAL,10,2,2019-12-20
MIA,NYK,3,1,2019-12-20
OKC,PHO,0,1,2019-12-20
DEN,MIN,2,1,2019-12-20
POR,ORL,2,3,2019-12-20
GSW,NOP,5,1,2019-12-20
CHO,UTA,9,4,2019-12-21
BKN,ATL,8,6,2019-12-21
DET,CHI,2,0,2019-12-21
PHI,WAS,2,2,2019-12-21
NYK,MIL,3,3,2019-12-21
MEM,SAC,1,2,2019-12-21
SAS,LAC,3,3,2019-12-21
PHO,HOU,5,0,2019-12-21
POR,MIN,1,3,2019-12-21
TOR,DAL,71,3,2019-12-22
BOS,CHO,4,3,2019-12-22
MIL,IND,5,1,2019-12-22
OKC,LAC,15,2,2019-12-22
LAL,DEN,7,8,2019-12-22
CLE,ATL,4,4,2019-12-23
ORL,CHI,3,3,2019-12-23
DET,PHI,1,3,2019-12-23
IND,TOR,20,2,2019-12-23
NYK,WAS,1,2,2019-12-23
MIA,UTA,10,3,2019-12-23
MEM,SAS,2,1,2019-12-23
PHO,DEN,7,1,2019-12-23
SAC,HOU,3,1,2019-12-23
POR,NOP,1,0,2019-12-23
GSW,MIN,3,1,2019-12-23
TOR,BOS,9,7,2019-12-25
PHI,MIL,16,8,2019-12-25
GSW,HOU,27,6,2019-12-25
LAL,LAC,70,2,2019-12-25
DEN,NOP,2,3,2019-12-25
DET,WAS,1,2,2019-12-26
BKN,NYK,6,4,2019-12-26
OKC,MEM,1,3,2019-12-26
DAL,SAS,6,4,2019-12-26
SAC,MIN,8,3,2019-12-26
UTA,POR,9,2,2019-12-26
BOS,CLE,6,3,2019-12-27
CHO,OKC,11,1,2019-12-27
ORL,PHI,16,0,2019-12-27
ATL,MIL,1,3,2019-12-27
MIA,IND,32,1,2019-12-27
GSW,PHO,7,1,2019-12-27
DEN,MEM,5,6,2019-12-28
NOP,IND,1,4,2019-12-28
BOS,TOR,4,4,2019-12-28
CHI,ATL,1,3,2019-12-28
HOU,BKN,3,0,2019-12-28
MIN,CLE,2,4,2019-12-28
WAS,NYK,2,0,2019-12-28
MIA,PHI,56,4,2019-12-28
GSW,DAL,9,2,2019-12-28
SAS,DET,0,1,2019-12-28
MIL,ORL,4,1,2019-12-28
SAC,PHO,6,0,2019-12-28
POR,LAL,14,5,2019-12-28
LAC,UTA,12,5,2019-12-28
TOR,OKC,14,1,2019-12-29
MEM,CHO,0,0,2019-12-29
NOP,HOU,2,3,2019-12-29
DEN,SAC,4,0,2019-12-29
LAL,DAL,12,9,2019-12-29
ORL,ATL,9,6,2019-12-30
WAS,MIA,8,6,2019-12-30
MIN,BKN,4,2,2019-12-30
CHI,MIL,2,2,2019-12-30
UTA,DET,4,3,2019-12-30
POR,PHO,20,9,2019-12-30
CHO,BOS,8,3,2019-12-31
IND,PHI,7,5,2019-12-31
SAC,LAC,2,5,2019-12-31
TOR,CLE,1,3,2019-12-31
HOU,DEN,7,1,2019-12-31
SAS,GSW,21,5,2019-12-31
OKC,DAL,14,4,2019-12-31
WAS,ORL,5,4,2020-01-01
NYK,POR,7,6,2020-01-01
MIL,MIN,17,3,2020-01-01
LAL,PHO,10,4,2020-01-01
CLE,CHO,10,3,2020-01-02
IND,DEN,7,2,2020-01-02
MIA,TOR,4,5,2020-01-02
MIN,GSW,1,4,2020-01-02
CHI,UTA,8,0,2020-01-02
DAL,BKN,4,1,2020-01-02
SAS,OKC,7,2,2020-01-02
SAC,MEM,3,5,2020-01-02
LAC,DET,2,5,2020-01-02
BOS,ATL,23,7,2020-01-03
ORL,MIA,4,7,2020-01-03
WAS,POR,3,2,2020-01-03
HOU,PHI,22,4,2020-01-03
PHO,NYK,1,2,2020-01-03
LAL,NOP,5,4,2020-01-03
LAC,MEM,13,7,2020-01-04
BKN,TOR,4,3,2020-01-04
ORL,UTA,3,2,2020-01-04
ATL,IND,2,0,2020-01-04
CLE,OKC,1,4,2020-01-04
CHI,BOS,7,2,2020-01-04
WAS,DEN,4,2,2020-01-04
DAL,CHO,18,2,2020-01-04
GSW,DET,5,1,2020-01-04
MIL,SAS,8,6,2020-01-04
SAC,NOP,10,3,2020-01-04
LAC,NYK,24,7,2020-01-05
MIA,POR,6,3,2020-01-05
CLE,MIN,2,1,2020-01-05
PHO,MEM,4,2,2020-01-05
LAL,DET,20,3,2020-01-05
ORL,BKN,6,1,2020-01-06
WAS,BOS,7,1,2020-01-06
CHO,IND,1,1,2020-01-06
PHI,OKC,3,0,2020-01-06
ATL,DEN,11,2,2020-01-06
NOP,UTA,12,1,2020-01-06
DAL,CHI,10,4,2020-01-06
SAS,MIL,9,3,2020-01-06
SAC,GSW,0,6,2020-01-06
CLE,DET,10,3,2020-01-07
TOR,POR,22,4,2020-01-07
BKN,OKC,14,0,2020-01-07
MEM,MIN,1,4,2020-01-07
PHO,SAC,5,2,2020-01-07
LAL,NYK,7,8,2020-01-07
IND,MIA,7,3,2020-01-08
BOS,SAS,6,2,2020-01-08
CHO,TOR,13,1,2020-01-08
ORL,WAS,2,3,2020-01-08
DAL,DEN,45,3,2020-01-08
ATL,HOU,11,3,2020-01-08
NOP,CHI,0,3,2020-01-08
UTA,NYK,3,2,2020-01-08
GSW,MIL,3,0,2020-01-08
PHI,BOS,17,7,2020-01-09
DET,CLE,19,3,2020-01-09
MIN,POR,2,3,2020-01-09
OKC,HOU,13,5,2020-01-09
WAS,ATL,3,1,2020-01-10
NYK,NOP,3,3,2020-01-10
BKN,MIA,9,0,2020-01-10
CHI,IND,2,1,2020-01-10
MEM,SAS,6,2,2020-01-10
UTA,CHO,4,1,2020-01-10
PHO,ORL,7,4,2020-01-10
DAL,LAL,7,9,2020-01-10
SAC,MIL,0,3,2020-01-10
LAC,GSW,14,4,2020-01-10
HOU,MIN,5,12,2020-01-11
DET,CHI,5,2,2020-01-11
BOS,NOP,3,3,2020-01-11
OKC,LAL,11,5,2020-01-11
DAL,PHI,12,8,2020-01-11
DEN,CLE,6,2,2020-01-11
POR,MIL,5,2,2020-01-11
NYK,MIA,13,4,2020-01-12
WAS,UTA,1,5,2020-01-12
BKN,ATL,3,1,2020-01-12
MEM,GSW,5,5,2020-01-12
TOR,SAS,18,3,2020-01-12
PHO,CHO,3,1,2020-01-12
DEN,LAC,6,4,2020-01-12
DET,NOP,14,5,2020-01-13
IND,PHI,12,2,2020-01-13
BOS,CHI,4,4,2020-01-13
MIN,OKC,7,2,2020-01-13
POR,CHO,15,2,2020-01-13
SAC,ORL,13,2,2020-01-13
LAL,CLE,10,9,2020-01-13
ATL,PHO,5,3,2020-01-14
BKN,UTA,2,4,2020-01-14
MEM,HOU,37,3,2020-01-14
MIL,NYK,2,4,2020-01-14
LAC,CLE,2,5,2020-01-14
GSW,DAL,3,5,2020-01-14
PHI,BKN,11,4,2020-01-15
BOS,DET,7,2,2020-01-15
MIA,SAS,8,1,2020-01-15
MIN,IND,3,3,2020-01-15
OKC,TOR,6,1,2020-01-15
CHI,WAS,3,2,2020-01-15
DEN,CHO,2,1,2020-01-15
HOU,POR,12,2,2020-01-15
SAC,DAL,19,1,2020-01-15
LAL,ORL,33,2,2020-01-15
NYK,PHO,3,5,2020-01-16
MIL,BOS,18,3,2020-01-16
NOP,UTA,51,4,2020-01-16
GSW,DEN,21,4,2020-01-16
LAC,ORL,5,4,2020-01-16
PHI,CHI,5,2,2020-01-17
IND,MIN,6,1,2020-01-17
TOR,WAS,0,3,2020-01-17
MEM,CLE,2,2,2020-01-17
OKC,MIA,0,1,2020-01-17
SAS,ATL,12,4,2020-01-17
DAL,POR,23,5,2020-01-17
NOP,LAC,31,7,2020-01-18
BKN,MIL,3,9,2020-01-18
BOS,PHO,15,5,2020-01-18
ATL,DET,5,3,2020-01-18
NYK,PHI,7,3,2020-01-18
CHI,CLE,16,1,2020-01-18
MIN,TOR,2,3,2020-01-18
HOU,LAL,24,4,2020-01-18
GSW,ORL,3,3,2020-01-18
OKC,POR,6,2,2020-01-18
UTA,SAC,5,4,2020-01-18
SAS,MIA,19,3,2020-01-19
DEN,IND,11,0,2020-01-19
WAS,DET,5,2,2020-01-20
ATL,TOR,16,2,2020-01-20
BKN,PHI,14,1,2020-01-20
MIL,CHI,3,3,2020-01-20
MEM,NOP,5,1,2020-01-20
CLE,NYK,3,2,2020-01-20
HOU,OKC,32,4,2020-01-20
CHO,ORL,5,3,2020-01-20
MIA,SAC,17,2,2020-01-20
BOS,LAL,12,12,2020-01-20
MIN,DEN,2,1,2020-01-20
UTA,IND,3,4,2020-01-20
PHO,SAS,10,2,2020-01-20
POR,GSW,30,1,2020-01-20
DAL,LAC,31,5,2020-01-21
ORL,OKC,4,3,2020-01-22
TOR,PHI,6,3,2020-01-22
DET,SAC,2,0,2020-01-22
ATL,LAC,9,6,2020-01-22
NYK,LAL,4,4,2020-01-22
BOS,MEM,3,5,2020-01-22
MIA,WAS,9,2,2020-01-22
HOU,DEN,2,2,2020-01-22
CHI,MIN,7,2,2020-01-22
PHO,IND,2,5,2020-01-22
NOP,SAS,43,6,2020-01-22
GSW,UTA,1,7,2020-01-22
CLE,WAS,2,5,2020-01-23
BKN,LAL,15,4,2020-01-23
POR,DAL,6,3,2020-01-23
CHO,MIL,7,8,2020-01-24
ORL,BOS,7,5,2020-01-24
DET,MEM,2,3,2020-01-24
NYK,TOR,7,1,2020-01-24
OKC,ATL,3,4,2020-01-24
NOP,DEN,13,1,2020-01-24
MIN,HOU,5,0,2020-01-24
MIA,LAC,24,2,2020-01-24
CHI,SAC,1,4,2020-01-24
SAS,PHO,7,1,2020-01-24
GSW,IND,3,4,2020-01-24
UTA,DAL,38,4,2020-01-25
DET,BKN,12,4,2020-01-25
CLE,CHI,7,0,2020-01-25
MIN,OKC,0,2,2020-01-25
PHI,LAL,17,4,2020-01-25
DEN,HOU,10,5,2020-01-26
SAS,TOR,8,3,2020-01-26
NYK,BKN,2,2,2020-01-26
NOP,BOS,4,0,2020-01-26
ORL,LAC,2,2,2020-01-26
MEM,PHO,6,1,2020-01-26
ATL,WAS,3,3,2020-01-26
POR,IND,4,2,2020-01-26
DET,CLE,1,7,2020-01-27
MIA,ORL,4,3,2020-01-27
OKC,DAL,4,3,2020-01-27
MIN,SAC,26,3,2020-01-27
CHI,SAS,9,3,2020-01-27
UTA,HOU,12,7,2020-01-27
PHI,GSW,5,6,2020-01-28
CHO,NYK,3,4,2020-01-28
TOR,ATL,3,2,2020-01-28
CLE,NOP,1,4,2020-01-28
MIA,BOS,10,4,2020-01-28
MEM,DEN,3,2,2020-01-28
MIL,WAS,11,8,2020-01-28
DAL,PHO,5,4,2020-01-28
LAL,LAC,0,0,2020-01-28
IND,CHI,16,4,2020-01-29
BKN,DET,4,3,2020-01-29
NYK,MEM,5,3,2020-01-29
SAS,UTA,8,5,2020-01-29
POR,HOU,9,8,2020-01-29
SAC,OKC,1,6,2020-01-29
WAS,CHO,2,3,2020-01-30
CLE,TOR,5,2,2020-01-30
ATL,PHI,9,1,2020-01-30
BOS,GSW,1,2,2020-01-30
LAC,SAC,8,3,2020-01-30
DEN,UTA,7,0,2020-01-30
DET,TOR,6,5,2020-01-31
BKN,CHI,6,3,2020-01-31
HOU,DAL,4,4,2020-01-31
NOP,MEM,5,3,2020-01-31
MIL,DEN,6,2,2020-01-31
PHO,OKC,5,1,2020-01-31
LAL,POR,24,6,2020-01-31
LAC,MIN,10,4,2020-02-01
ORL,MIA,5,3,2020-02-01
IND,NYK,2,0,2020-02-01
WAS,BKN,7,2,2020-02-01
CLE,GSW,0,1,2020-02-01
DAL,ATL,1,1,2020-02-01
BOS,PHI,4,2,2020-02-01
SAS,CHO,2,3,2020-02-01
SAC,LAL,3,7,2020-02-01
POR,UTA,17,4,2020-02-01
DET,DEN,18,5,2020-02-02
HOU,NOP,11,7,2020-02-02
MIL,PHO,2,6,2020-02-02
TOR,CHI,6,1,2020-02-02
IND,DAL,10,2,2020-02-03
WAS,GSW,0,1,2020-02-03
CLE,NYK,5,2,2020-02-03
CHO,ORL,1,1,2020-02-03
ATL,BOS,3,0,2020-02-03
MIA,PHI,3,5,2020-02-03
BKN,PHO,2,2,2020-02-03
MEM,DET,0,2,2020-02-03
SAC,MIN,5,2,2020-02-03
LAC,SAS,21,3,2020-02-03
NOP,MIL,15,4,2020-02-04
HOU,CHO,8,10,2020-02-04
DEN,POR,6,2,2020-02-04
LAL,SAS,7,8,2020-02-04
DET,PHO,4,2,2020-02-05
BKN,GSW,0,5,2020-02-05
TOR,IND,37,3,2020-02-05
BOS,ORL,2,5,2020-02-05
MIN,ATL,1,2,2020-02-05
OKC,CLE,4,2,2020-02-05
DAL,MEM,1,2,2020-02-05
UTA,DEN,17,4,2020-02-05
LAC,MIA,7,4,2020-02-05
NYK,ORL,10,2,2020-02-06
CHI,NOP,3,1,2020-02-06
MIL,PHI,10,5,2020-02-06
POR,SAS,4,2,2020-02-06
LAL,HOU,39,7,2020-02-06
WAS,DAL,31,1,2020-02-07
PHI,MEM,4,6,2020-02-07
BOS,ATL,6,1,2020-02-07
OKC,DET,1,1,2020-02-07
IND,TOR,4,2,2020-02-07
PHO,HOU,7,2,2020-02-07
SAC,MIA,2,2,2020-02-07
UTA,POR,18,3,2020-02-07
ORL,MIL,4,9,2020-02-08
CHO,DAL,3,7,2020-02-08
DET,NYK,3,1,2020-02-08
TOR,BKN,15,3,2020-02-08
IND,NOP,2,1,2020-02-08
MIN,LAC,11,2,2020-02-08
GSW,LAL,5,6,2020-02-08
PHO,DEN,3,1,2020-02-08
SAC,SAS,2,2,2020-02-08
OKC,BOS,47,8,2020-02-09
PHI,CHI,5,1,2020-02-09
WAS,MEM,2,3,2020-02-09
ATL,NYK,19,2,2020-02-09
HOU,UTA,62,7,2020-02-09
CLE,LAC,3,6,2020-02-09
POR,MIA,9,2,2020-02-09
ORL,ATL,4,3,2020-02-10
IND,BKN,9,1,2020-02-10
DET,CHO,2,7,2020-02-10
TOR,MIN,7,1,2020-02-10
MIL,SAC,3,4,2020-02-10
DAL,UTA,9,4,2020-02-10
DEN,SAS,9,6,2020-02-10
GSW,MIA,3,1,2020-02-10
LAL,PHO,2,4,2020-02-10
WAS,CHI,5,2,2020-02-11
PHI,LAC,22,3,2020-02-11
NOP,POR,8,8,2020-02-11
OKC,SAS,3,0,2020-02-11
HOU,BOS,10,4,2020-02-11
CLE,ATL,1,4,2020-02-12
ORL,DET,8,3,2020-02-12
IND,MIL,7,1,2020-02-12
BKN,TOR,5,1,2020-02-12
NYK,WAS,4,2,2020-02-12
MIN,CHO,3,3,2020-02-12
MEM,POR,5,0,2020-02-12
DAL,SAC,3,4,2020-02-12
PHO,GSW,3,1,2020-02-12
UTA,MIA,5,4,2020-02-12
DEN,LAL,45,9,2020-02-12
BOS,LAC,71,5,2020-02-13
NOP,OKC,24,1,2020-02-13
DET,MIL,1,7,2020-02-20
ATL,MIA,30,4,2020-02-20
PHI,BKN,18,2,2020-02-20
CHI,CHO,0,1,2020-02-20
SAC,MEM,5,1,2020-02-20
GSW,HOU,1,2,2020-02-20
WAS,CLE,5,14,2020-02-21
ORL,DAL,5,3,2020-02-21
NYK,IND,0,6,2020-02-21
TOR,PHO,4,3,2020-02-21
MIN,BOS,4,5,2020-02-21
OKC,DEN,8,4,2020-02-21
UTA,SAS,4,4,2020-02-21
LAL,MEM,8,6,2020-02-21
POR,NOP,3,3,2020-02-21
LAC,SAC,21,7,2020-02-22
CHO,BKN,1,4,2020-02-22
ATL,DAL,17,3,2020-02-22
MIA,CLE,4,5,2020-02-22
CHI,PHO,2,3,2020-02-22
MIL,PHI,3,9,2020-02-22
UTA,HOU,7,1,2020-02-22
LAL,BOS,76,9,2020-02-23
TOR,IND,8,7,2020-02-23
DEN,MIN,2,0,2020-02-23
OKC,SAS,2,1,2020-02-23
CHI,WAS,5,1,2020-02-23
GSW,NOP,6,1,2020-02-23
POR,DET,8,4,2020-02-23
PHI,ATL,4,6,2020-02-24
CLE,MIA,14,1,2020-02-24
WAS,MIL,23,2,2020-02-24
BKN,ORL,10,2,2020-02-24
HOU,NYK,3,6,2020-02-24
DAL,MIN,2,2,2020-02-24
UTA,PHO,4,0,2020-02-24
LAC,MEM,5,4,2020-02-24
IND,CHO,5,7,2020-02-25
TOR,MIL,20,4,2020-02-25
CHI,OKC,10,2,2020-02-25
DEN,DET,2,2,2020-02-25
POR,BOS,7,3,2020-02-25
LAL,NOP,18,3,2020-02-25
GSW,SAC,0,1,2020-02-25
WAS,BKN,15,2,2020-02-26
CHO,NYK,3,1,2020-02-26
CLE,PHI,5,2,2020-02-26
MIA,MIN,23,2,2020-02-26
ATL,ORL,2,2,2020-02-26
HOU,MEM,2,5,2020-02-26
SAS,DAL,11,3,2020-02-26
PHO,LAC,4,1,2020-02-26
UTA,BOS,10,1,2020-02-26
PHI,NYK,5,2,2020-02-27
IND,POR,6,2,2020-02-27
OKC,SAC,16,4,2020-02-27
GSW,LAL,4,9,2020-02-27
ORL,MIN,5,2,2020-02-28
ATL,BKN,5,0,2020-02-28
TOR,CHO,8,2,2020-02-28
NOP,CLE,1,1,2020-02-28
MIA,DAL,7,1,2020-02-28
MIL,OKC,0,10,2020-02-28
MEM,SAC,7,1,2020-02-28
PHO,DET,6,1,2020-02-28
UTA,WAS,3,1,2020-02-28
LAC,DEN,7,9,2020-02-28
NYK,CHI,2,7,2020-02-29
MIA,BKN,6,2,2020-02-29
ATL,POR,1,1,2020-02-29
CLE,IND,2,1,2020-02-29
MEM,LAL,5,4,2020-02-29
BOS,HOU,71,2,2020-02-29
SAS,ORL,12,1,2020-02-29
PHO,GSW,3,4,2020-02-29
CHO,MIL,9,4,2020-03-01
MIN,DAL,2,4,2020-03-01
LAC,PHI,19,2,2020-03-01
SAC,DET,1,2,2020-03-01
DEN,TOR,5,3,2020-03-01
NOP,LAL,30,2,2020-03-01
GSW,WAS,2,1,2020-03-01
NYK,HOU,25,7,2020-03-02
ORL,POR,2,2,2020-03-02
CLE,UTA,5,1,2020-03-02
ATL,MEM,3,2,2020-03-02
MIA,MIL,9,3,2020-03-02
CHI,DAL,17,1,2020-03-02
SAS,IND,0,1,2020-03-02
CHO,SAS,17,3,2020-03-03
BOS,BKN,30,3,2020-03-03
OKC,LAC,5,2,2020-03-03
NOP,MIN,8,3,2020-03-03
DEN,GSW,7,2,2020-03-03
PHO,TOR,11,1,2020-03-03
LAL,PHI,9,6,2020-03-03
SAC,WAS,3,1,2020-03-03
CLE,BOS,0,3,2020-03-04
MIL,IND,1,6,2020-03-04
DET,OKC,1,3,2020-03-04
BKN,MEM,2,2,2020-03-04
MIA,ORL,8,0,2020-03-04
NYK,UTA,2,2,2020-03-04
MIN,CHI,0,1,2020-03-04
DAL,NOP,32,1,2020-03-04
POR,WAS,1,1,2020-03-04
CHO,DEN,11,4,2020-03-05
HOU,LAC,9,12,2020-03-05
SAC,PHI,4,1,2020-03-05
GSW,TOR,17,2,2020-03-05
WAS,ATL,5,0,2020-03-06
NYK,OKC,3,5,2020-03-06
BKN,SAS,3,2,2020-03-06
CHI,IND,2,3,2020-03-06
NOP,MIA,7,3,2020-03-06
MIN,ORL,2,1,2020-03-06
BOS,UTA,1,3,2020-03-06
DAL,MEM,2,2,2020-03-06
PHO,POR,2,1,2020-03-06
LAL,MIL,48,7,2020-03-06
CHO,HOU,4,5,2020-03-07
DET,UTA,4,1,2020-03-07
CLE,DEN,3,1,2020-03-07
MEM,ATL,0,4,2020-03-07
GSW,PHI,12,2,2020-03-07
POR,SAC,0,0,2020-03-07
BKN,CHI,6,4,2020-03-08
LAC,LAL,71,19,2020-03-08
MIN,NOP,3,5,2020-03-08
PHO,MIL,4,1,2020-03-08
BOS,OKC,28,1,2020-03-08
DAL,IND,5,1,2020-03-08
WAS,MIA,3,0,2020-03-08
HOU,ORL,4,4,2020-03-08
NYK,DET,0,1,2020-03-08
CLE,SAS,2,2,2020-03-08
SAC,TOR,2,3,2020-03-08
ATL,CHO,15,2,2020-03-09
DEN,MIL,4,2,2020-03-09
UTA,TOR,5,2,2020-03-09
IND,BOS,23,4,2020-03-10
WAS,NYK,3,11,2020-03-10
CHI,CLE,0,5,2020-03-10
SAS,DAL,7,4,2020-03-10
HOU,MIN,4,2,2020-03-10
MEM,ORL,7,0,2020-03-10
POR,PHO,1,2,2020-03-10
LAL,BKN,28,5,2020-03-10
GSW,LAC,2,10,2020-03-10
PHI,DET,2,0,2020-03-11
MIA,CHO,0,1,2020-03-11
ATL,NYK,7,1,2020-03-11
DAL,DEN,2,0,2020-03-11
NOP,UTA,20,6,2020-07-30
LAL,LAC,48,4,2020-07-30
BKN,ORL,6,4,2020-07-31
POR,MEM,50,1,2020-07-31
WAS,PHO,0,5,2020-07-31
MIL,BOS,19,2,2020-07-31
SAS,SAC,6,3,2020-07-31
DAL,HOU,33,2,2020-07-31
DEN,MIA,3,10,2020-08-01
OKC,UTA,2,9,2020-08-01
LAC,NOP,3,9,2020-08-01
IND,PHI,32,1,2020-08-01
TOR,LAL,24,5,2020-08-01
BKN,WAS,1,3,2020-08-02
BOS,POR,33,4,2020-08-02
MEM,SAS,13,1,2020-08-02
ORL,SAC,2,5,2020-08-02
HOU,MIL,33,2,2020-08-02
PHO,DAL,12,1,2020-08-02
MIA,TOR,19,3,2020-08-03
OKC,DEN,26,4,2020-08-03
WAS,IND,1,8,2020-08-03
NOP,MEM,6,2,2020-08-03
PHI,SAS,15,1,2020-08-03
UTA,LAL,9,4,2020-08-03
MIL,BKN,11,3,2020-08-04
SAC,DAL,17,2,2020-08-04
LAC,PHO,40,2,2020-08-04
IND,ORL,2,6,2020-08-04
MIA,BOS,9,1,2020-08-04
POR,HOU,21,3,2020-08-04
UTA,MEM,1,2,2020-08-05
SAS,DEN,6,1,2020-08-05
WAS,PHI,1,2,2020-08-05
LAL,OKC,11,7,2020-08-05
ORL,TOR,3,2,2020-08-05
BOS,BKN,0,4,2020-08-05
SAC,NOP,4,5,2020-08-06
PHO,IND,9,2,2020-08-06
MIL,MIA,16,5,2020-08-06
DAL,LAC,17,2,2020-08-06
DEN,POR,13,3,2020-08-06
HOU,LAL,3,10,2020-08-06
SAS,UTA,1,2,2020-08-07
MEM,OKC,9,5,2020-08-07
BKN,SAC,1,1,2020-08-07
PHI,ORL,1,3,2020-08-07
NOP,WAS,2,1,2020-08-07
TOR,BOS,5,10,2020-08-07
POR,LAC,31,3,2020-08-08
DEN,UTA,49,2,2020-08-08
IND,LAL,13,2,2020-08-08
MIA,PHO,12,2,2020-08-08
DAL,MIL,32,0,2020-08-08
OKC,WAS,1,6,2020-08-09
TOR,MEM,3,3,2020-08-09
NOP,SAS,5,2,2020-08-09
BOS,ORL,12,3,2020-08-09
POR,PHI,20,1,2020-08-09
SAC,HOU,4,2,2020-08-09
LAC,BKN,2,1,2020-08-09
PHO,OKC,6,3,2020-08-10
UTA,DAL,7,3,2020-08-10
MIL,TOR,5,3,2020-08-10
MIA,IND,7,3,2020-08-10
LAL,DEN,18,4,2020-08-10
ORL,BKN,1,4,2020-08-11
SAS,HOU,3,6,2020-08-11
PHI,PHO,9,2,2020-08-11
MEM,BOS,4,2,2020-08-11
DAL,POR,58,6,2020-08-11
WAS,MIL,1,3,2020-08-11
SAC,NOP,1,1,2020-08-11
HOU,IND,1,4,2020-08-12
PHI,TOR,8,2,2020-08-12
OKC,MIA,16,0,2020-08-12
DEN,LAC,8,3,2020-08-12
